0x68c3fc74508c671835833cda5261d4733d7e1b6c,25000
0x32ad19e35d852358b02e09a293b4d6b1daed24c8,25000
0x30d1b325af40863b5a8c1b3f24c82325b9103154,25000
0xbe4b63dd7db08b10c2cd527b53c842b4f466af56,25000
0x894914550201622e13b16a7a38cd4044e21dcab6,25000
0x944b8a5c94055a761d518ee11c6c370b139eff28,25000
0xdf26b1d27f3ad69e1ba6e32221a9e47cc021f391,25000
0x194ea95a87afa46fdffd57cd55841e3150ffab44,25000
0x3cb55222160655ceb2bf5de0a898f6ba4e1a2ba9,25000
0xb986d4857212a2d2a03a459a9b2d3f6617791002,25000
0x163c81ac188998a40edc77a45ac5b803652bf486,25000
0xcfa8fe20492d05e7d911807ba4c728369c8d9f29,25000
0x4831ddb6502ca45dbeedf58b47292061cdb6050b,25000
0xcb885a1a5ef7421d3eace8a24f56fa16e9cd9ab6,25000
0x75702ac82990e770d465036de4572b83f95d6e32,25000
0x1bfdc7d3ffd40d4042ae8fb0aa6e235d9d3d4675,25000
0x385269696f8ad66fa463b25ecb59b236763b53c1,25000
0xf01d9114b780154b08b1515d7fa2808fdb691495,25000
0x9fff7a309ff09d41f04f8b0ed76483ee6c4addb3,25000
0xe11bf0479cef18545043936179994f2250c50c4c,25000
0x9d00a2288c721f694db712c31acee56aa3ca251e,25000
0xa0f40e339b8d8957532e72817bec9cca1b533bd7,25000
0xf0f08f640d5553e79b91296dba6c3f10521e5174,25000
0xcaad15cf8eff56543a939d403382fa940884936b,25000
0x470c823ef99449b1156ab44fc91472e7e0318522,25000
0x0799cf9710b62c5a63d2ad8d06545c6b66910b8f,25000
0x722d92d4fac318a2f14721e3e889f4e32099c8f3,25000
0xb4cd2102221be8f837b0110c1ffb9c68015968d2,25000
0x06c2e0f7905bfdd3d0100ed4539a23677145744b,25000
0xe0eb3c01c9d380e6c0d4994b568c563a95d996bf,25000
0xd6896c0a04ef9c169656383a8eb6f687a25ed0ae,25000
0x22758915797c9e831789ad3fb67c34457d3f7c6d,25000
0x371c873c902aa79cf898b14bf58095f8e8989fc6,25000
0x6f9149458beff08caa9c701bd1e1c040091c080f,25000
0xd098d16570901b80b5ce56c7d2515a9b01693b9c,25000
0x9e1c950e743ec4f6afec299dcdff1bbc21bb2b3b,25000
0x9fefb01133f63d81b10bca1ee47be40ef6535443,25000
0x000009ff30036658300e2abcedde1020d5e662cc,25000
0x8cc90ba336cd92618db2e16168a0145829ebdbad,25000
0xb66d5bc117a1cb5855ffd0c590551a784521f8ad,25000
0x4dd2b1e6dd912c4312cb3ad64937c25bead48e3b,25000
0x8a347b15d70c40580a9f08cfb62a208a6971c670,25000
0xa782152fd361cd2dd0f4caa741cfa68b52463cea,25000
0xef1cd239b55a7bbfdea91fb8aff1959cf8028f83,25000
0x4a593e4cee0f009bb23c3b104b7d071a063eccc2,25000
0x12abc451b6cd0aa224962a2030de00dbf09eddef,25000
0x32622cb41c18f2a9e63f205ff11d99620d654ebd,25000
0x40de3299bd8a10d8ac3f32c1a55de40640cf9b75,25000
0xd9fe5650434c69cbc6e3b5963810fccf90458433,25000
0xc1b0c27216b704fc6937900845e3c28c34dd10a2,25000
0x3b29dd5fb6a64aa03a23c21991ad1ba13dc03dfc,25000
0xf5b3b17d2c2118e2ffff5a758af3d4805b8a6fa1,25000
0x859feadb065bbca4f64651c8dab705fb3b23d406,25000
0xfd68c54c7fabcb70683153fdd7bc45a68bd19731,25000
0xa3268edfd84415472d9c30ecdeba487f865ee063,25000
0x0284eefd0b928f40fffcdc0d1d1e0859ebc8d0eb,25000
0x8cc769177f7991dcb3c36af1f7d64f1e9259b418,25000
0x78a1af88ae6ae1d57731ef7aebb1bf42c2bdc767,25000
0xa9dcb9827e3cfc144b2d6d75e4fe01155d6c9669,25000
0xea24918a807399a819b74e30baa05f0375ecdbbd,25000
0x6055ddc6c2398dc27f9fcb9e96c79ca137aa7c65,25000
0xdba72bd3ac50272ca2e2cdf1a4f5c9cece41c33e,25000
0xb94e669999e3100ca4d4e5e261c0cfa984444219,25000
0x73afcb377b0d2148c631d6c1c4294239c1609b21,25000
0x4785fddb0a47387e07a213f34d8294344c6b20bd,25000
0x1882f0e7bcebbfc1110b49ad3acc0c680cb9ca4a,25000
0x8e2d31d6ae732c5f2e0e99353828f40fd13c3b47,25000
0xafebeed0e4b14c0d3f949f55e5158308af559793,25000
0x72ecc929626c1d75972b28ebe4e4d9d11ede5a7a,25000
0x0146276f02864a8e5780a1dcdadb065b951f7771,25000
0xcbc924183bc32d02746fa8d38843b5ce08662eb4,25000
0xbd01e7248b36ecb826e8eab19b19ebc564be9476,25000
0x4424d0d4b9dc4d09c099fde8ef5275325df052dc,25000
0xa12d5e7a772933fbdeebc4d70e09798f9d7f830a,25000
0xbf85c35b7140e1d5d65e3409008c6cef94f861a2,25000
0x281c1be0eb4d97b34bb1ace5959b53792ffb07e7,25000
0xfa4ca6bd07cf1223369884620636b29f1f53c7ee,25000
0xba1c50ad37c0671eeba39f9e6f6b22fa323ade68,25000
0xd5897706c5808bd47d56aacf6ce4b5f64e86b458,25000
0x62f299f304131e5c2f2d7dc4395bde2a99f15867,25000
0xb3e4f411309c20e6c3a048705803d415f905b72a,25000
0xaca20c15e871888cc75a600bf5adbedb50e22ca3,25000
0xf08a969b766a2442182e69fd562a2c760c308405,25000
0xfee98aa304118ee53bb06eeb6a6c3d0bbfae4372,25000
0xb1bd59265972a2c2f5e7c2fab615722840f8207a,25000
0xc4d1bbb85b9828f1e2aa8e6215e49184c479156a,25000
0xf25fe3901cceda208da7f9d19f38abb30d5e7a2c,25000
0x580f4c21a537d1003b0747a15758932815e5bf92,25000
0x0f92355c108c71fcaedadde899513657eb5d5f88,25000
0xbf103676270ab4e10735434f413a484f317b3d40,25000
0x44e5f6c73aaaaedac93c40d73fd968450a605017,25000
0x719680fccea49665dbd7c046f4f268eb3ecf6aae,25000
0x32d0faf8fb05fcccd88d6e82431c3a37391c6cac,25000
0x6a42b1c8efbb25d40b59731e65a8abcd4f7ba8e7,25000
0x94ef100495601d516d2a094935aeab0a9fd1ac85,25000
0x91ac21285f5242178a8e155b35c81e524e0ac099,25000
0x00b1b167cdd07a43e1ca9993b0ae8337f247df63,25000
0x89e9bb22f0274143bff319270ff8e9690af5c753,25000
0x55e54e8817e09f724857fc0c622e31a4c142fb66,25000
0x7e50de2237d157891451abad0c6edd2bb6c5453d,25000
0xd70a0b9e5f1717d2bb09a4aacea03fe4630133e9,25000
0x10fc7426217dc4735ee5d5202eb512e45a7a6216,25000
0x260054a8994720cfe3c25b7ca214e43b65a843f3,25000
0x487d366bdbe43b0885ca3c7b5be94b0486804b7a,25000
0xe6a10e25852881ca0c8093dfc4a3107b6e90a711,25000
0xf84b938e3b753ce0cd93cdeb1b79a5ad35c2d795,25000
0xa0793d1430b293b9d4f114ac8781cca4d36ca6ec,25000
0x135c29b4152bd66a6570076e18d6095b50f92741,25000
0xd1f4572fb537d1de3722f263844ce2aec6da472e,25000
0xdfd8aba3af398d754a402181657df5ccfc7e0544,25000
0xd9fb7a131b5a299fd6aa0a3f08cb2db8e4aa1189,25000
0x54341e85a1685b9dada707198770c5792f85c603,25000
0xbe74c7e1ab368f70531d20d7e404324e29bb89ff,25000
0xa4f1556341b6b472327516829374de76445ceca7,25000
0x38b2a0ad7bd941e3826ea456cb7ec34e2f77f914,25000
0x3c65d99e4138fa76b34cc1451fdbae707e811aa9,25000
0x5037beb6469acb898b4ffb3a0b7ad50747eb8b6c,25000
0x8c1620523522375f8da38fe631f487ae45c79499,25000
0xa51d8fb15264e2a8cdeebf3f8dbdb9a42ac893f5,25000
0xc1c22b5eb6c27a7efc62f039d1524c744820ab0d,25000
0x8c90e009a6567ea39fe1443ae3ab03c0eb80cc11,25000
0xfcaa310054c0ca55c9c485828071ca9c7dd4ec34,25000
0x3326e4adc42637cf5e7cf68d98f47154553a91b0,25000
0xb8d3a1c8684bde2d590c875cd0d5ccc22290d803,25000
0xc7ba90ce97edc362cb37e9437de0a1051ed22b37,25000
0x4fcf3769da3be7fc1ce62a83a3339b02bd428815,25000
0x4c57320892edd53c5e7dd169ebe3dc6608ce820d,25000
0x4a4cfc15adda979f7b188da01948f9154dce7cb2,25000
0x191c04247059db5df93e5341f687146531a1383f,25000
0xcb4c0575aa345316b33155979c2dde38dab43a04,25000
0x95a3cfb1805984c5003463506aa168aab0ccaa7a,25000
0x3ded134bb23b2f6830d395264c89fee6337dcc12,25000
0xd0ae7987b87b9b475a30cbf330d17e838024193f,25000
0x6f125358ac0757aa9da5174df765dc538cb94647,25000
0xfcba88ee3480cd7419a3eba8559d54ed609e86ea,25000
0x24804455569bd036796e7bd21ef15c57a313d85b,25000
0xaa9d6ea3d3898a0bef31cf6550feaacd6f0cf238,25000
0x36a5a2b9e83df9551ae9f467bd278e07964e0eaa,25000
0x79bdda65c706cbda69c0ad4c8da1d3e91724f48d,25000
0xe816c943e987e094e09a23bf7b528e773615a4ca,25000
0xb89e655371022159b5adc89999ddd61a43703e78,25000
0xe622cd7f199909cbe7e6def461bc50b112910fb0,25000
0x086127abdd0cfddf7f693f97eaa75d2629bfa704,25000
0xdc9c5e34959ec3643af1e1d34a83d6b251aab1ef,25000
0xbbc4333ae20e1a3460b770a8a229cfe572909f3a,25000
0x698da17e84b0c8f8fc8097e77fc6ecc4edb47b12,25000
0x1162c4e0833e16ccd399b1a8756285e31686d127,25000
0x175d7ac3844ac969c1d17431e59ff057ad17ee3b,25000
0x3701bbfc577f1cbd579fe15da23b687968030fbe,25000
0x59e9bd372afa1eaeca65b7da07b9f8249af69bad,25000
0x7f29b17cac3bc3507bee3de080ff1345a3f603b6,25000
0x3d324fb82169346622223665e2b63a1c27b58800,25000
0x7955760032bd275ad62ee0ab805b68822bf539ba,25000
0xecac46eee5d4fef440363724b2feadd197f43c08,25000
0x0f036cf522122757e9430887552ac6b3f008212f,25000
0x1ea692e68a7765de26fc03a6d74ee5b56a7e2b4d,25000
0x1c49d59fa115bca86b0cd77074e6b83022f2ad46,25000
0x5c127ccdd428ac57a1fff2ec4bc1cd00dbbc9eed,25000
0x46c9b124af0b5b546efbc9a21f75688b10637576,25000
0x2f6772c693ebea065ba66636a28370432f9162cc,25000
0xf05eb60be3c74e0ea900f18b587642a3f49a2f85,25000
0xc33f87697ef41e0e95e7a55d1ec8180f04088578,25000
0x531802b7038d8963d9a91cca2b7b60930d420458,25000
0xe7f700e1a50b520c02a477d054ed346786492480,25000
0x9b8dfbc744d6f1b1a562e2439543d0f332cd2da0,25000
0x3021a59f56cae360183c40965d7059a4a73a7ba7,25000
0x89b9cdfedcc1aacf878ebeb667cb79ed6224c1e1,25000
0x52005ac0acf1304e5c30c283e16df3622c4dc73f,25000
0x8a1376ec3095faf9f4fd1c20d2074de7dd867c11,25000
0x423c142860b156507114c53ab30cd52147f9395b,25000
0x7b35cfd47239b349d31449e1fdb2d9e902d281c5,25000
0x4b0e8cdee70cd8b42aa3187ce2049f9ad60a0fbe,25000
0x187e013c82632e39eab30d2724db6c78bfbf63da,25000
0xca389517d699b0467f0ee909d3f80197f537fa39,25000
0xe6001c00d9be5e0f676082327f0ecdb2587167af,25000
0x598321aea6316c0232d1f925d680f416eb565da3,25000
0x24188f86efde62c1a3ad587f909a5a53244e3f91,25000
0x011f4fab145210f8bde8ec77cb360cea0949e262,25000
0xa228d12b35eaefde0f51ebd23afe431196c6c293,25000
0xe758dcf1c594e784045b7a8d05ac655f593e6b24,25000
0xb27d4a2da1440b324a6d3dc9d1f7ae844c46c367,25000
0x5ff746d40d2b265c46d6ef2c8e0fc9cb6e3c0f6d,25000
0xb164488f184490bad331454e873fb174675f3e4f,25000
0xed7e736851bc65967a65cf1134300c27f39b7648,25000
0x981dd1c812cafaffb106631b59dbd9d5f974d342,25000
0xbc4940e28e717c77fca453b5c94aa9f53fb8fe06,25000
0xa0f934fac71b56aa8b74df90fb1f78dc85e418d4,25000
0xca85ba880e6c92e9409ffc0659dfc567ab6e08a4,25000
0x4798995418f2bea7caa4884cc2c86392c50bd089,25000
0x631c91d96a51772fb329d2313c2689c063edeb29,25000
0xd12ffeedd07feafee43c1eb023320292bac9394e,25000
0xbfe4f777975f21ec5b3483006d34fdc0d4527a00,25000
0x5f231cf7ebf38b2ef24b47672717a4f1bca693bd,25000
0x5664a37a34245c37266a126b4b4ed23d87a3696f,25000
0x081b20eae8bf9d930012531c55ea2bcd48e01ef6,25000
0xec1679c6006b813f82c34b2ade962052967d2aec,25000
0x0379ed895f8b2db1ba771ecddee2839e1539fe18,25000
0xbc9ac2a0b7d165e4ab0c1bab0878eba229023f92,25000
0xb13d7c0fcdd3f07bb75e9fe981e8deb041f3e51b,25000
0xbc09716f78c97f9a07821d3aec752512228ea17d,25000
0xa510adfe1317bd5dc8ec3043214859a579d4d014,25000
0x05aca0fd47a1358c6fba65a80268fb2f620f468a,25000
0x57511081a27b366eb12c72baa5c8bed8c1843efb,25000
0x15eff1695bfff792469abfdb5356a040ad762d97,25000
0x6ed9c1dfb807b30c9adf5fa46627e00b8df77ae7,25000
0x1abeefa59ac19feb3aa450d07dde14f0e121e7e5,25000
0xf824596ab51a2129bdfe1e2ad1b908dafeba3a72,25000
0x6d50be91228b6836bdcc7ff733af595c23450e4d,25000
0xb62c0fd71d304074923e035a85f03fbe42d617a5,25000
0x18adb1f4c39a559961a612ffea857fbd9b22c5e8,25000
0xed14e3765cd218e60068a1fa67cb0d8dab4fddaf,25000
0x0e8e34949c7bceaeeda5bee8b9d8f988964b4d5a,25000
0x3d188764b1bb63fc1d00923b07db93d71b475c01,25000
0x9962d3959680baf00647efa1ac98f7789523ac6b,25000
0x16219b3d23d1d7de04fde90c3ec892df6e08a331,25000
0x27e3f7dd84f46ca6dd916bc9ecaacb0a73c19038,25000
0x3d15a6b80bc1062962b918500effea777174578a,25000
0xb6dd87b799bb119bb826a90008b22cc728fede87,25000
0xfe59bd86d2191b48b11df3b5fcb23709a03ad63c,25000
0xe2fc03c3e0c08c09306be3e572187d0a1b871912,25000
0x29418eb6d63b75ff595f370f27e32f73bc6f9c08,25000
0xea8e59267b3796238ba840764048cff1dedf6b21,25000
0x0716ee1a5a5607277fc3fcb08db75673e32f3b06,25000
0xed79b9f38e4b023c4709cefdd0da54c77efc34c9,25000
0xf58305d85a6c2ca616f4c06b329edbb76ea5bf69,25000
0xcdcc588fc4576c13c9465b63af476094c85fab27,25000
0xa9f6ff774e83bbe2c3721be5d1c93ecfe73d4efd,25000
0x037d1bf288056fb310c8bb483bd996ad6db9b380,25000
0x72404f96d14f6c1ce2d94e833231c659b98babe8,25000
0x46918083a42d71b787c8940d5736d1def43d6022,25000
0x1976118727654b2904ea113f330ee33f1798282a,25000
0xd55a57ffb791b373ff945ad2db7592338653dc15,25000
0x23e9030cc87d83de18a94c22c68678ed2d4e93ff,25000
0xa06dfa9d506095eb0bacede6122979cdebc02b27,25000
0x180f907fdff7dace54be9816da2471fcdf97f334,25000
0xbe49ffc42f08ffc4f892ae7065f7d838fb0d7324,25000
0xcfa2801a1772a68ded1e7536553cd96de572627f,25000
0x6c4ec0e42274327de4d89b6fb446c44ae6349763,25000
0xcb0c48009f344244a440cbd1cd864e69b9e451c1,25000
0x55e706d69600107d411f60ce6f42eb9c37c837dc,25000
0xa0b0585237786a3e7c0ff6d80fa47e3eb54a1d7f,25000
0x1af2572a0e800c2955aa5052fac5ed745ba38c01,25000
0x6acb677491a8c3a7cd11c1ce34bb2525e0854285,25000
0xd838aab7cc7c75a645f7a2a03be5110c94b2964b,25000
0x61aab76843a4044369977dc65b2e6973fe87b890,25000
0x38f5e142a59bf0cd6bfa0d3dad560f4da470e677,25000
0x3c86e7e0af755d42145bbd63d65f0a9d39a89261,25000
0x2c164e6347d51b8cab5774ad73a9c1d49a3f0bf4,25000
0x558e8f8d3b2bf8a574b2af90018fbde1c402f8e8,25000
0x23536af86205e9c811d59db5fad8bc253ac1ebc7,25000
0x306e06b4a994a845c29c8ef372d2c02b88842e73,25000
0x78b5913a2a2bdd90ecea7de1bd079f6b4f55161e,25000
0x3b0dee17c4dba4cf9eaee5308125c89fd061ca00,25000
0xfff5086e00bc92ee04826b0f5398ebbdb8ea4000,25000
0xb195a3ae044d56af8aa78920a1aef01b97aec6cc,25000
0xec4f491ed015e22d7bbb30b202821afdbac810e4,25000
0x31a406efbd18897c85a028ca2ad9bbf06febaa2c,25000
0xa51e12b209285a80a77adc383e760caf0cdb5d6f,25000
0xaf558cfdbae84af0ab25bfbe1d40e6514efea471,25000
0xefc5ff84594ebf147dceaeb5c41079672cf0d85c,25000
0xcf122af283d3aa9ca620176e316a9bb98a561950,25000
0xe4d430c2c550e08c7347753ad9c4b01a71da56d6,25000
0xe63f3a119c48938062794c6573b834944f151191,25000
0x04113b4d6214dd12b05d3805fd783eeba8889c3f,25000
0xeae68671f60a0f6fb54ea3f01d4029eea6019858,25000
0x0098ac282b491df8620575096fb4fbee1f0cd78e,25000
0xb60c3139735814b441ca2473a5ffa6927f27bb01,25000
0x6d2c80315bb93807676e6121060e4505fed53ecd,25000
0x3785ec82e38a66cd246ecbf21c8926b1156f6172,25000
0xc5cc4fca8f3c6cbbf824ce912ef1b9a2f4af545c,25000
0xdbdbc266bab51514be465710d116e3ab08b33143,25000
0xc330feb66993346b932d397e085b6fc4234f97d9,25000
0x264e71b5794ff9961eac14dee4ce410899e344a8,25000
0x9d99b84be113b8e7fac0fd3efcece418f302abb9,25000
0xfb7d327de8b2b37053f92c869a7b71282f48d781,25000
0x938b31bcc5fced235ebcbf776d443ae5080c56fa,25000
0x5c1db96c7853bb90c84b917481e78d1004c19d97,25000
0x533872b00802f4b63be01b2e3804ea7c50276e3f,25000
0x1741f9e80adcddf913897c5e7952c0129951b5a9,25000
0xd9fb52d9b9e9925cdbb7d0092414b6be3a5a5a17,25000
0x66f4219b8edd9fab25321c062c8777a3323a144a,25000
0xeb223eef41185ddfb4510f04d4f3b467bd798160,25000
0x152fa38ffa947a7fe081a8a7d80d7cc402b5bf9e,25000
0xfe42ab9b824d3403d91ab4a587ca504b1f01d347,25000
0x6aa29339aae3194591b7355de48c69fad4686613,25000
0x5582f3ecb831f2ce8d5f745b394e34b3a321a7c4,25000
0x2fe10b04c503f4366a377593dacf650fad443621,25000
0xdc9486b2724f9f9e99b96d6402951e5f3cbff85a,25000
0x4c0d1c1b93697050230bcafd547815868b672f38,25000
0x6ead201cde6cea7f0313fc4a8f2eef8f1db06c2f,25000
0x33ebb29f68052b348d63db713382a46a9abfaad8,25000
0x07af4fd19f2265f05c9aa1a16e01f9c4ee2380fa,25000
0x96499aee94ef646e878a09faffbabd007f7c2931,25000
0x1a8886ec0c208c409d4e791e97ee24ba9d21ef68,25000
0x3260f78129368ff41933259640b1d79c2543487d,25000
0x146a2d473a54c09c032f9aeac2e4c8326c3dd960,25000
0x60057786842aff287ebb0bbf96e082733a4a667f,25000
0x0f683e5a0f835c5a9a1ba2fd43f4d03acb1cf888,25000
0xff5b38ac00295eaf1eefc3b91862a060a9953714,25000
0x28fb660534c8a00e3115daa60c481b56ef2d9691,25000
0x1458f3eb844bee77fa123dd24597721e46077a48,25000
0xb6532b69f71909602fe60f2c472960b87cb6b7d1,25000
0x45974504ef88da3bb4c298f680c8cf3e66cb3679,25000
0x83bbe9cfcc205bb8e53cba0b51d6db9386ce58b5,25000
0x995e6a8ec87f342bae5c87cc8c129a10550393a7,25000
0x80ca992e6e7796e8f2a6918b714759d57ebd05a6,25000
0x56b659452480d70025da4b866376b54bfcf73729,25000
0x6c9649c9b4082359a181543ab140dfe0a0bb86fe,25000
0x1aad8b554a97d2b931602d92fee2744ad699b8a1,25000
0xa7bca12573d1b84738fecfb2cfbef7fd6afae32b,25000
0x22f6865e84675d1ec9940b532d88b31cc36dd5e2,25000
0x25da7de6924d85299af569a4075659918f63c446,25000
0xe794b7e62a74fa0492b9cf02ea51cd2dbf417960,25000
0x4bf3b0060cc3f16d6542dec2bcf7a061454a1b45,25000
0xf1ac9ccfebe0157a352fa9a89e4ff696069dd21f,25000
0xe81b66a9ab858065c0da0d54d689db9344afb6a3,25000
0x4b115c7300f597287aea93850a7e1468457f715d,25000
0x56eaf95ca6e7f962d005752042c54763d70ec108,25000
0x4044ee44f26c501849087b5849d65a6d835e282f,25000
0x5a5a8b626f384b1dda0788f6b73feffc183a9b77,25000
0x84daac5f6c6560104b318423ce2b3c07cf2bc3fa,25000
0xbcf0476cc0961cedd288661d68306c3c770457ec,25000
0xcb286622d343c459770d2f3e4e21c63a73a69fc4,25000
0x988236e5a0a27c62124d131c2b8de67189532100,25000
0xc182aa0ecb24a674c00c76ce8f1761cc5a10611c,25000
0x60dbd50d6a8c8ba95eb513a275041c5f65e6dc98,25000
0xc2899b3208684ef25f524104061c6f937e62344f,25000
0xb232b4dc42c580e3ded14b29c652c45c15f732f6,25000
0xce7ccdac7113aa71dd5d236773759305164f3b00,25000
0x22932588a880bc1d6a968a29b627a2fedf9d1df9,25000
0xbe085c573afdb8ab9904e80a1cd9bb9964a68abd,25000
0x1111c19f9d6494509ffde74a37814579fc55cccc,25000
0xb52c9ae03d4442b43768258eb0cc0822a0b92d5d,25000
0x0c4230dd4ff07449c980e2218768576b12938785,25000
0x6c934e939891b717071e974cfca8badbbfc0b696,25000
0xa5c9098689acfa1e1cac4889389750f4e17fc1d0,25000
0x373a1660005001a8f87d4003c61b8b41e167c06f,25000
0x66a84e108077745dc00328da72e4e4628d296e31,25000
0xd8bae3205348480b3f87f42e1b181ee09c402655,25000
0x9293d31afd89792dc2cebbd0aa1aeef469330d24,25000
0xde8cebf0a276591b2f083feb8576855a586f250b,25000
0x71abf929004384d6380547a412a5afc126f66908,25000
0x540e76f2a729d8ddfc7a14605550d60360d34030,25000
0xde38e42b21963602b18f6a39723639c94bda84c0,25000
0x5a9aeb34185cff54dd261da245eeb51b2b748c08,25000
0x2cbc109bc6ca18df8af947f321a6b0c6a328fc85,25000
0xf7399f451f4ab82340f012a27781e9f79c469c4e,25000
0x64efa181839274ddd6f330ed40059974089343eb,25000
0x6abe304ed23e19c5fb77263a62ee2f10938e37e6,25000
0x7d86e2354d3128219005e45e6e9e9bff5bf489a9,25000
